<?xml version="1.0" encoding="utf-8"?>
<modification>
  <name>Options order in product</name>
  <code>options_order_in_product</code>
  <version>1.0</version>
  <author>Antonio Marques</author>
  <link>http://antoniomarques.tk</link>
    <file path="admin/model/catalog/product.php">
        <operation>
            <search><![CDATA[$product_option_query = $this->db->query("SELECT * FROM `" . DB_PREFIX . "product_option` po LEFT JOIN `" . DB_PREFIX . "option` o ON (po.option_id = o.option_id) LEFT JOIN `" . DB_PREFIX . "option_description` od ON (o.option_id = od.option_id) WHERE po.product_id = '" . (int)$product_id . "' AND od.language_id = '" . (int)$this->config->get('config_language_id') . "'");]]></search>
            <add position="replace"><![CDATA[$product_option_query = $this->db->query("SELECT * FROM `" . DB_PREFIX . "product_option` po LEFT JOIN `" . DB_PREFIX . "option` o ON (po.option_id = o.option_id) LEFT JOIN `" . DB_PREFIX . "option_description` od ON (o.option_id = od.option_id) WHERE po.product_id = '" . (int)$product_id . "' AND od.language_id = '" . (int)$this->config->get('config_language_id') . "' ORDER BY o.sort_order ASC");]]></add>
        </operation>
    </file>  
</modification>